Name,Description,"Vegetarian/
Non-Vegetarian",recipe_id,image_url,ingredients,cuisine,recipe_name,cookTime
Baati,"hard, unleavened bread cooked in most of areas of Rajasthan, and in some parts of Madhya Pradesh, and Gujarat states of India.",Vegetarian,g14gP5xKhLr8cLTLE1L0,https://www.archanaskitchen.com/images/archanaskitchen/1-Author/Dhara/Baked_Stuffed_Baati_With_Churma_And_Panchratna_Dal.jpg,"1 Green Chilli - finely chopped,1/4 cup White Urad Dal (Split),1 teaspoon Coriander Powder (Dhania),1 cup Green peas (Matar) - frozen,1 tablespoon Ghee,1 cup Whole Wheat Flour,1 teaspoon Coriander (Dhania) Seeds,1/2 cup Caster Sugar,1/2 teaspoon Cinnamon Powder (Dalchini),3 tablespoon Ghee - melted,Green Chilli - sliced,Ghee - melted (as required),1/4 cup Arhar dal (Split Toor Dal),Salt - to taste,1/4 cup Sooji (Semolina/ Rava),1/2 cup Milk,1 Kashmiri dry red chilli,Asafoetida (hing) - a pinch,2 teaspoons Red Chilli powder,1 teaspoon Turmeric powder (Haldi),1/2 teaspoon Cumin seeds (Jeera),1/4 cup Chana dal (Bengal Gram Dal),Curry leaves - as required,1/4 cup Green Moong Dal (Split),1 tablespoon Coriander (Dhania) Leaves - finely chopped,1 tablespoon Badam (Almond) - chopped,2 tablespoons Gram flour (besan),1 tablespoon Sunflower Oil,2 Cloves (Laung),1 tablespoon Pistachios - chopped,1/2 teaspoon Red Chilli powder,Lemon - sliced,1/2 teaspoon Turmeric powder (Haldi),1 cup Tomato - chopped,1 teaspoon Mustard seeds,1/2 teaspoon Garam masala powder,Papad,1 teaspoon Fennel seeds (Saunf),4 tablespoons Ghee - Melted,1 Bay leaf (tej patta),1 teaspoon Salt",Rajasthani,Baked Stuffed Baati With Churma And Panchratna Dal Recipe,60
Biryani,"Mixed rice dish, optional spices, optional vegetables, meats or seafood. Can be served with plain yogurt.",Non-Vegetarian,dNC71UWkxd06KKinRzhu,https://www.archanaskitchen.com/images/archanaskitchen/1-Author/Jyothi_Rajesh/Chicken_Biryani.jpg,"3 Onions - sliced thin,20 gram Garlic - ground to paste,1 tablespoon Garam masala powder,4 Tomatoes - finely chopped,2 tablespoon Red Chilli powder,20 gram Ginger - ground to paste,4 Green Chillies - slit at the center,Ghee - as needed,Salt - to taste,1/2 cup Hung Curd (Greek Yogurt),Salt - as required,1 tablespoon Red Chilli powder,2 tablespoon Coriander Powder (Dhania),4 cups Basmati rice,1/2 cup Coriander (Dhania) Leaves - finely chopped,1 kg Chicken - with bone,1 teaspoon Turmeric powder (Haldi),Sunflower Oil - as needed,1/2 cup Mint Leaves (Pudina) - finely chopped",North Indian Recipes,Chicken Dum Biryani Recipe,150
Chaat,"Street food. Usually containing potato patty fried in oil, topped with sweet yogurt, and other sauces and spices",Vegetarian,Jt2kVtObyBtcv4haMANu,https://www.archanaskitchen.com/images/archanaskitchen/Indian_Street_Food/Dahi_Bhalla_Puri_Recipe-1.jpg,"1 Carrot (Gajjar) - grated,1 cup Green Chutney (Coriander & Mint),2 sprig Coriander (Dhania) Leaves - chopped,2 Onions - finely chopped,4 Curd Vada,1 cup Papdi puris,1 cup Boondi - or sev,Chaat Masala Powder - to taste,1 cup Sweet Chutney (Date & Tamarind),1/4 cup Raw Peanuts (Moongphali) - roasted and halved,Cumin powder (Jeera) - to taste,1 Anardana Powder (Pomegranate Seed Powder)",North Indian Recipes,Dahi Bhalla Papdi Chaat Recipe,40
Chicken Tikka,Chicken with spices served on a skewer,,R5EoBV5LBfhXYyzbNJWx,https://www.archanaskitchen.com/images/archanaskitchen/0-Archanas-Kitchen-Recipes/2017/10-oct/Hariyali_Chicken_Tikka_Recipe-9373.jpg,"1 cup Coriander (Dhania) Leaves,1/2 teaspoon Turmeric powder (Haldi),1 Green Chilli,1 teaspoon Cumin powder (Jeera),1 cup Mint Leaves (Pudina),2 teaspoon Garam masala powder,Salt - to taste,1 teaspoon Red Chilli powder,1/4 cup Curd (Dahi / Yogurt),1 teaspoon Amchur (Dry Mango Powder),2 Chicken breasts - cut into cubes",North Indian Recipes,Hariyali Chicken Tikka Recipe,110
Dal,"Assorted types of lentils, sucfch as toor, urad, chana, masoor dal",Vegetarian,m54HxxMnqxbLlKHvi0P9,https://www.archanaskitchen.com/images/archanaskitchen/0-Archanas-Kitchen-Recipes/2019/Bengali_Cholar_Dal_Recipe_5_1600.jpg,"1 cup Chana dal (Bengal Gram Dal),1/2 cup Fresh coconut - cut into small bits,3 Dry Red Chillies,Salt - to taste,1 inch Cinnamon Stick (Dalchini),1 inch Ginger - peeled and grated,1 tablespoon Ghee,2 Cloves (Laung),1 Bay leaf (tej patta),1 teaspoon Turmeric powder (Haldi),1 tablespoon Mustard oil,1/2 teaspoon Cumin seeds (Jeera),2 Green Chillies - slit into halves lengthwise",Bengali Recipes,Bengali gram dal recipe,40
Poha,"Specialty from Madhya Pradesh. Common snack in central part of India. Flattended rice, potato, turmeric.",Vegetarian,TCfLQ0p9I5qY4g46WxmU,https://www.archanaskitchen.com/images/archanaskitchen/1-Author/Waagmi_Soni/Indori_Poha.jpg,"1/2 teaspoon Turmeric powder (Haldi),1 tablespoon Sugar,2 tablespoons Coriander (Dhania) Leaves - finely chopped,1 tablespoon Raw Peanuts (Moongphali),Salt - to taste,1/2 teaspoon Ginger - grated,1 teaspoon Mustard seeds,1 Onion - chopped,2 Green Chillies - finely chopped,1/4 cup Fresh Pomegranate Fruit Kernels,1 teaspoon Fennel seeds (Saunf),7-8 Curry leaves,1/2 teaspoon Red Chilli powder,2 tablespoons Sunflower Oil,1/2 teaspoon Cumin seeds (Jeera),2-1/2 cup Poha (Flattened rice)",North Indian Recipes,Indori Poha Recipe,40
Firni,This is a dessert made of fine flour and ghee that is made only in Pundri.,Vegetarian,lxFhKcvNezoFzEd6TS9F,https://www.archanaskitchen.com/images/archanaskitchen/0-Archanas-Kitchen-Recipes/2019/Kesar_Pista_Phirni_video_recipe_11_1600.jpg,"2 tablespoons Badam (Almond) - blanched and slivered,2 tablespoons Pistachios - chopped,3/4 cup Sugar,Saffron strands - a few,1 teaspoon Cardamom Powder (Elaichi),1/4 cup Basmati rice - soaked for 30 minutes,700 ml Milk",Mughlai,Saffron Pistachio Firni Recipe,50
Kachori,Rajasthani / Marwari special,Vegetarian,Kk04hLgTSAZ1ZKC3lgqu,https://www.archanaskitchen.com/images/archanaskitchen/1-Author/Easyfoodsmith/Chatpati_Sattu_Kachori_Recipe_.jpg,"500 grams All Purpose Flour (Maida),Water - as required,Sunflower Oil - for frying,200 grams Roasted Gram Flour (Sattu Ka Atta),1/4 cup Sooji (Semolina/ Rava),2 tablespoons Mustard oil,2 Green Chillies - finely chopped,1/4 cup Pickle - red chilli pickle,1-1/2 teaspoon Ginger - finely chopped,1/2 teaspoon Salt,1/2 teaspoon Ajwain (Carom seeds),1-1/2 teaspoon Garlic - finely chopped,2 teaspoons Lemon juice,3 Coriander (Dhania) Leaves - chopped fine for garnish,2 tablespoons Sunflower Oil,1 Onion - small",Rajasthani,Chatpati Sattu Ki Kachori Recipe - Kachori Stuffed with Sattu and Pickle,60
Kheer,Rice cooked with milk and dry fruits,Vegetarian,2dIWfOC0d5jySvNX4WJA,https://www.archanaskitchen.com/images/archanaskitchen/1-Author/aarti/Nariyal_Ki_Kheer_edited1.jpg,"1 tablespoon Whole cashews - chopped,Saffron strands - a pinch,3/4 cup Sugar - adjustable,1 Fresh coconut - grated,1 tablespoon Badam (Almond) - chopped,1/2 teaspoon Cardamom Powder (Elaichi),1 tablespoon Pistachios - chopped,1 liter Milk",Indian,Nariyal Ki Kheer Recipe - Coconut Pudding,70
Khichdi,Rice cooked with daal and veggies and sauteed,Vegetarian,Pbryeko5N2mXbRcbOysa,https://www.archanaskitchen.com/images/archanaskitchen/1-Author/Alaka_Jena/Khichdi.jpg,"1/2 teaspoon Turmeric powder (Haldi),1/4 teaspoon Cumin seeds (Jeera),2 Cardamom (Elaichi) Pods/Seeds,1-2 Dry Red Chilli,1 tablespoon Ginger - grated,Green Chillies,1 cup Rice,Lime Wedges - Lime wedges,1/2 cup Yellow Moong Dal (Split),1 tablespoon Ghee,1 Bay leaf (tej patta),1/4 teaspoon Asafoetida (hing),Salt - as per taste,3 cups Water,Coriander (Dhania) Leaves,1/2 inch Cinnamon Stick (Dalchini)",Indian,Khichdi With Fresh Spices Recipe,60
Kofta,"Gram flour balls fried with vegetables. Gram flour, veggies, rolled into balls with gram flour and fried in oil and then cooked with curry.",Vegetarian,t0KSv2qiJz6ctSiV19BP,https://www.archanaskitchen.com/images/archanaskitchen/1-Author/Sadaf_Abbasi/stuffed_paneer_curry.jpg,"3 cloves Garlic,1 Mace (Javitri),1/4 teaspoon Turmeric powder (Haldi),Salt - to taste,1 Onion - roughly chopped,1/2 cup Fresh cream,1 tablespoon Honey,2 Green Chilli - finely chopped,6 Pistachios - finely chopped,1 cup Homemade tomato puree,10 Cashew nuts - soaked and grind to a smooth paste,1 tablespoon Kasuri Methi (Dried Fenugreek Leaves),6 Badam (Almond) - finely chopped,2-3 Cloves (Laung),2 teaspoons Gram flour (besan),2-3 Cardamom (Elaichi) Pods/Seeds,2 tablespoons Curd (Dahi / Yogurt),2 teaspoons Coriander Powder (Dhania),1/2 teaspoon Red Chilli powder,2 Bay leaf (tej patta),1 inch Ginger,1 Cinnamon Stick (Dalchini),6 Cashew nuts - finely chopped,1 tablespoon Raisins,1/4 teaspoon Cardamom Powder (Elaichi),1 teaspoon Sunflower Oil,200 grams Paneer (Homemade Cottage Cheese) - cut into 1-inch cubes,1 Star anise,1 teaspoon Ginger - finely chopped",North Indian Recipes,Sweet & Spicy Stuffed Paneer In Kofta Curry Recipe,40
Naan,Tandoor-baked soft flatbread made with refined wheat flour.,Vegetarian,BFrRCV1FYrfNLarcxcjz,https://www.archanaskitchen.com/images/archanaskitchen/1-Author/Riya/GARLIC_NAAN_WITHOUT_YEAST.jpg,"2 tablespoons Coriander (Dhania) Leaves - finely chopped,1-1/2 tablespoon Garlic - ground to paste,Salt - to taste,1/2 teaspoon Baking powder,2 tablespoons Butter - melted,1/2 cup Milk,4 tablespoons Curd (Dahi / Yogurt),1 cup Whole Wheat Flour,1/2 teaspoon Baking soda,1 cup All Purpose Flour (Maida) - (more for dusting)",North Indian Recipes,Garlic Naan Without Yeast Recipe,60
Papad,"A crispy add on to Lunch and Dinner, for adding a spicy and crunchier taste to food.",Vegetarian,enKov9Wejo3vQU1y4hnG,https://www.archanaskitchen.com/images/archanaskitchen/Indian_Sweets_Mithai/aam-papad-recipe-tasty-mango-bars.jpg,"3 cups Mango Pulp (Puree),1/2 cup Sugar,1/2 teaspoon Ghee - for greasing,1/2 teaspoon Cardamom Powder (Elaichi)",North Indian Recipes,Aam Papad Recipe (Tasty Mango Bars),40
Paratha,"flatbread native to the Indian subcontinent, prevalent throughout the modern-day nations of India, Sri Lanka, Pakistan, Nepal, Bangladesh, Maldives, and Myanmar, where wheat is the traditional staple",Vegetarian,co39WcYuOEeXkSdixuaE,https://www.archanaskitchen.com/images/archanaskitchen/0-Archanas-Kitchen-Recipes/2019/Nawabi_Kesar_Paratha_2_1600.jpg,"2 cups All Purpose Flour (Maida),Ghee - for cooking,1/2 teaspoon Saffron strands,1 teaspoon Kewra Water,Salt - a pinch,Milk - for kneading,1 teaspoon Rose water,1 teaspoon Sooji (Semolina/ Rava),1/4 teaspoon Cardamom Powder (Elaichi),1 tablespoon Ghee,Sugar - a pinch",Lucknowi,Nawabi Tawa Paratha Recipe,40
Rajma,Main. Kidney beans & assorted spices.,Vegetarian,VtH48bQUMkh06Vw98Zmo,https://www.archanaskitchen.com/images/archanaskitchen/1-Author/nithya.anantham/Bihari_Rajma_Masala_Recipe_Red_Kidney_Beans_Cooked_in_Dry_Ginger_and_Pepper_Gravy.jpg,"2 Tomatoes - pureed,1/2 teaspoon Turmeric powder (Haldi),1 teaspoon Dry ginger powder,Salt - to taste,2 teaspoon Black pepper powder,1 teaspoon Red Chilli powder,2 cups Rajma (Large Kidney Beans) - soaked for 8 hours,1/2 teaspoon Garam masala powder,1 Onion - finely chopped,2 teaspoon Coriander Powder (Dhania),2 inch Ginger - finely chopped,2 cloves Garlic - pounded using a mortar and pestle,1 tablespoon Ghee,1 Bay leaf (tej patta),Coriander (Dhania) Leaves - Small bunch",Bihari,Adraki Rajma Masala Recipe - Rajma Masala Recipe,320
Samosa,"Normally served as an entree or appetiser. Potatoes, onions, peas, coriander, and lentils, may be served with a mint or tamarind sauce",Vegetarian/meat varieties,7cNFHAS0ZruHq7yT4IhC,https://www.archanaskitchen.com/images/archanaskitchen/1-Author/Richa_Gupta/Matar_ke_Samose.jpg,"1 cup All Purpose Flour (Maida),Sunflower Oil - for deep frying,Salt - to taste,1 teaspoon Cumin seeds (Jeera),1-1/2 cups Green peas (Matar) - steamed and mashed,1 teaspoon Green Chilli Sauce,1/2 teaspoon Garam masala powder,1/4 teaspoon Red Chilli powder,2 teaspoon All Purpose Flour (Maida),1/2 teaspoon Salt,2 tablespoons Ghee,1/4 cup Water,1/2 teaspoon Cinnamon Powder (Dalchini),2 teaspoon Amchur (Dry Mango Powder)",North Indian Recipes,Matar Samosa Recipe -Green Pea Samosa,55
Tandoori Chicken,Tandoori chicken as a dish originated in the Punjab before the independence of India and Pakistan.,Non-Vegetarian,tY8EDbkiaptCys4HnmW0,https://www.archanaskitchen.com/images/archanaskitchen/1-Author/shaheen_ali/Stove_Top_Grilled__Smoked_Tandoori_Chicken.jpg,"1 tablespoon Lemon juice,1 tablespoon Kashmiri Red Chilli Powder,1 tablespoon Coriander Powder (Dhania),1/4 teaspoon Black Salt (Kala Namak),Salt - as required,2 Chicken thighs,1 teaspoon Garam masala powder,1/2 cup Hung Curd (Greek Yogurt),3 Charcoal - small pieces,2 tablespoons Mustard oil,1 tablespoon Ginger - paste,2 tablespoons Ghee,4 tablespoons Mustard oil,1 tablespoon Garlic - paste,1 teaspoon Chaat Masala Powder",North Indian Recipes,Smoked Tandoori Chicken Recipe - Classic North Indian Chicken Recipe,270
Halwa,Maida or Sugarcane fritters which are known as Halwa in South India India and,Vegetarian,R5SjqcIT1AoWP8Ckrdm5,https://www.archanaskitchen.com/images/archanaskitchen/0-Archanas-Kitchen-Recipes/2016/1-Archana/Badam_Halwa_recipe-2.jpg," 1 almond - silver coating (for garnish), 1/2 cup ghee, 2 saffron, 1 tablespoon wheat flour,1 cup almonds, 3/4 cup milk, 3/4 cup sugar",Awadhi,Badam Halwa Recipe,35
Bonda,"Snack. Potatoes, gram flour.",Vegetarian,zh6jcUHyYXHRqYtmXCrj,https://www.archanaskitchen.com/images/archanaskitchen/1-Author/Lubna_Karim/Cheese_Stuffed_Aloo_Bonda.jpg,"1/2 teaspoon Turmeric powder (Haldi),Salt - to taste,1 inch Ginger - grated,1 teaspoon Mustard seeds,1 Onion - finely chopped,Coriander (Dhania) Leaves - small bunch,50 grams Mozzarella cheese - cut into 1/2 inch pieces,1 cup Gram flour (besan),1/4 teaspoon Asafoetida (hing),Sunflower Oil - as needed,2 Green Chillies - chopped,1 teaspoon Turmeric powder (Haldi),4 Potatoes (Aloo) - boiled and mashed",Indian,Cheese Stuffed Aloo Bonda Recipe,45
Chicken 65,"Popular deep fried chicken preparation. Chicken, onion, ginger",Non-Vegetarian,2eLMmN3ENl3zlfbnmwwn,https://www.archanaskitchen.com/images/archanaskitchen/1-Author/sibyl_sunitha/Chicken_65_Recipe_.jpg,"1 teaspoon Sugar,1/2 teaspoon Turmeric powder (Haldi),4 cloves Garlic - crushed,Sunflower Oil,4 cloves Garlic - pound to a paste,1 tablespoon Gram flour (besan),Salt - to taste,1 teaspoon Red Chilli powder,2 teaspoons Vinegar,250 grams Chicken breasts - cut into pieces,1 Lemon juice,2 teaspoons Red Chilli powder,1/4 cup Curd (Dahi / Yogurt),1 sprig Curry leaves,1 teaspoon Black pepper powder",South Indian Recipes,Restaurant Style Chicken 65 Recipe,95
Dosa,"Pancake/Hopper. Ground rice, urad dal",Vegetarian,2AB4jtl2hqGLP7alyiwz,https://www.archanaskitchen.com/images/archanaskitchen/1-Author/Waagmi_Soni/Soft_Masala_Dosa_with_Red_Chutney.jpg," oil - as per use, 1-1 / 2 cup potato masala, 2 green chillies - finely chopped, 1 cup Onion - cut straight and thin, 1/4 tsp turmeric powder,3-1 / 2 cup idli dosa mixture, 6 curry leaves - finely chopped, 1/2 tsp chaat masala powder, coriander - little, salt - as per taste, 2 cups potato - boiled and mashed, 1 tsp ginger - tighten, garlic chutney - as per use",South Indian Recipes,Masala Dosa Recipe With Red Chutney - Masala Dosa With Red Chutney Recipe,55
Idli,"Steamed cake of fermented rice and pulse flour. Rice, urad dal",Vegetarian,vGz0znH8cG8MdN44Bh43,https://www.archanaskitchen.com/images/archanaskitchen/1-Author/Preeti_Tamilarasan/Barley_Rava_Idli.jpg,"1 teaspoon White Urad Dal (Split),1 Green Chilli - finely chopped,1 teaspoon Enos fruit salt,Salt - to taste,1 teaspoon Mustard seeds,1/2 cup Curd (Dahi / Yogurt) - whisked,1/2 cup Barley (seeds),1 teaspoon Chana dal (Bengal Gram Dal),1/4 cup Water - or more if needed,1 teaspoon Sunflower Oil,1/2 cup Sooji (Semolina/ Rava)",South Indian Recipes,Barley Rava Idli Recipe,400
Pachadi,"Side dish made with yoghurt, coconut, ginger and curry leaves and seasoned with mustard.",Vegetarian,KRUGGfConSeYTRP9DgqC,https://www.archanaskitchen.com/images/archanaskitchen/1-Author/sapanabehl/Fruit_Pachadi_edited.jpg," 2 dry red peppers - break,2 cups fruit - cut into small pieces (pineapple, 1 1/2 cups yogurt - whisk, 1/4 cup coconut - tighten Take, 1 teaspoon mustard, 1 sprig curry leaves, 2 green chillies - chopped, salt - as per taste, 1/4 teaspoon turmeric powder, 2 teaspoons jaggery, 1 teaspoon oil, water - as per use",South Indian Recipes,Fruit Pachadi Recipe,20
Payasam,"Rice dessert. Rice, milk.",Vegetarian,YsuIkgZ5Kmi4ZuDT4kuM,https://www.archanaskitchen.com/images/archanaskitchen/1-Author/swathynandhini/MANGO_COCONUT_KHEER_1600.jpg,"2 tablespoons Badam (Almond) - sliced or chopped,1 teaspoons Cardamom Powder (Elaichi),1 teaspoon Ghee,1/4 cup Palm sugar,3 tablespoons Fresh coconut - or dessicated coconut (grated),2 Mango (Ripe),1 cup Coconut milk",Kerala Recipes,Aam Ki Kheer Recipe - Mango Coconut Payasam Recipe,20
Pesarattu,"Dosa (pancake or crepe) of Andhra Pradesh made from moong dal (lentils), grains and spice batter.",Vegetarian,mmsaPGjzQDR8RzCeuQyR,https://www.archanaskitchen.com/images/archanaskitchen/1-Author/panditp253-gmail.com/ANDHRA_Style_PESARATTU_PIZZA_recipe_edited.jpg,"1/4 cup Coriander (Dhania) Leaves,1/2 cup Green Moong Dal (Whole) - soaked overnight,2 Green Chillies,1 Onion - sliced,2 tablespoons Coriander (Dhania) Leaves - finely chopped,1/4 cup Instant Oats (Oatmeal),Salt - to taste,Mixed Herbs (Dried),1/4 cup Red Chilli sauce - (adjust to taste),1/4 cup Broken Raw Rice - soaked overnight,5 Methi Seeds (Fenugreek Seeds) - soaked overnight,1/2 Red Bell pepper (Capsicum) - sliced,1 inch Ginger,100 grams Paneer (Homemade Cottage Cheese),Ghee - to make the Pesarattu,1/2 cup Tomato Ketchup - or Pizza sauce,1/2 Yellow Bell Pepper (Capsicum) - sliced,Mozzarella cheese - or cheddar,1/2 Green Bell Pepper (Capsicum) - sliced",Fusion,Andhra Cheese & Vegetables Pesarattu Recipe,55
Pongal,Pulao,Vegetarian,oxZ833uxRWTKBULMLiM0,https://www.archanaskitchen.com/images/archanaskitchen/1-Author/nithya.anantham/Mint_Khara_Pongal_Recipe.jpg,"1 cup Rice - soaked for 20 minutes,1 Green Chilli,Salt - to taste,1 teaspoon Cumin seeds (Jeera),1 cup Mint Leaves (Pudina) - tightly packed,5 cups Water,8 Cashew nuts - halved,1 inch Ginger,1/4 cup Coriander (Dhania) Leaves - tightly packed,1/2 cup Yellow Moong Dal (Split) - soaked for 20 minutes,2 tablespoons Ghee,1 teaspoon Sunflower Oil,1 sprig Curry leaves,1 pinch Asafoetida (hing),1 teaspoon Whole Black Peppercorns",South Indian Recipes,Pudina Khara Pongal Recipe (Rice and Lentils Cooked With Mint Leaves & Mild Spices),30
Poriyal,"Side dish for rice prepared from one or more vegetables. Oil stirred, with daal half boiled and coconut / mustard seeds.",,V3BszlWOq3EFpiJQ8n1L,https://www.archanaskitchen.com/images/archanaskitchen/0-Archanas-Kitchen-Recipes/2016/1-Archana/Broccoli_and_Potato_Porial_Curry_Stir_Fry-3.jpg,"1 sprig Curry leaves - roughly torn,1/2 teaspoon Turmeric powder (Haldi),1/2 teaspoon Mustard seeds,Sunflower Oil - for cooking,Salt - to taste,1 teaspoon Red Chilli powder,3 Potatoes (Aloo) - peeled and cut into wedges,1 Broccoli - cut into florets",South Indian Recipes,Broccoli And Aloo Poriyal Recipe - South Indian Broccoli And Potato Stir Fry,35
Puttu,Ground rice,,9la63jCt19SL4dWPirYG,https://www.archanaskitchen.com/images/archanaskitchen/0-Archanas-Kitchen-Recipes/2018/Article-2018/Thalia_Puttu__Recipe_Coorg_Style_Idli-4_1600.jpg,"Salt - to taste,2 teaspoon Sugar,1 cup Rice,1/2 cup Cooked rice,1/2 cup White Urad Dal (Split),1 teaspoon Methi Seeds (Fenugreek Seeds),1/4 teaspoon Baking soda,1 cup Coconut milk",Coorg,Kodava Thalia Puttu Recipe - Steamed Rice Coconut Cake,35
Rasam,"A spicy and sour soup usually made with tamarind, tomatoes, pepper and other south Indian spices. Usually eaten with rice.",,jYOenjeQBjcguh9UFY8H,https://www.archanaskitchen.com/images/archanaskitchen/1-Author/nithya.anantham/Mysore_Rasam.jpg,"2 sprig Coriander (Dhania) Leaves - finely chopped,1/2 cup Arhar dal (Split Toor Dal) - cooked,20 grams Tamarind - lemon sized,1 teaspoon Mustard seeds,2 teaspoons Ghee,Salt - Salt for taste,1/2 teaspoon Cumin seeds (Jeera),1/2 teaspoon Black pepper powder,1 Green Chilli - slit,2 Kashmiri dry red chillies,1/4 cup Fresh coconut - grated,2 teaspoons Chana dal (Bengal Gram Dal),1 teaspoon Jaggery,1/4 teaspoon Asafoetida (hing),2 Tomatoes - roughly chopped,2 teaspoons Coriander (Dhania) Seeds,1 sprig Curry leaves",South Indian Recipes,Mysore Rasam Recipe,15
Sambar,"Lentil soup cooked with vegetables and a blend of south Indian spices (masala). Usually taken with rice, idli, dosa, pongal or upma.",Vegetarian,cqfuuTkWtqDvn5cH15Ra,https://www.archanaskitchen.com/images/archanaskitchen/0-Archanas-Kitchen-Recipes/2018/jan-5/Onion_Sambar_Tamil_Nadu_Style_Recipe-0770.jpg,"1 sprig Curry leaves - roughly torn,1/2 teaspoon Mustard seeds,2 Dry Red Chilli,1 Tomatoes - chopped,2 tablespoons Sambar Powder,Salt - to taste,1 cup Pearl onions (Sambar Onions),1 cup Tamarind Water,1 cup Arhar dal (Split Toor Dal),Asafoetida (hing) - a pinch,1 teaspoon Methi Seeds (Fenugreek Seeds),1 teaspoon Turmeric powder (Haldi)",Tamil Nadu,Tamil Nadu Style Vengaya Sambar Recipe - Pearl Onion Sambar,40
Sevai,Kind of rice vermicelli used for breakfast,,bOec7Q1UdkcN9AKQgyqx,https://www.archanaskitchen.com/images/archanaskitchen/1-Author/Anitha_Kirubakaran/Kara_Sevai.jpg,"Salt - as required,2 teaspoons Coconut Oil,1/2 teaspoon Turmeric powder (Haldi),2 tablespoons Coriander (Dhania) Leaves - finely chopped,3 Green Chillies,2 tablespoons Fresh coconut - grated,1/2 teaspoon Mustard seeds,2 cups Semiya (Vermicelli) - cooked,2 teaspoons Sunflower Oil,1/2 cup Fresh coconut,1/2 teaspoon Asafoetida (hing),1/2 teaspoon Sugar,2 teaspoons Lemon juice,1 tablespoon Chana dal (Bengal Gram Dal),sprig Curry leaves - A sprig of curry leaves,2 tablespoons Raw Peanuts (Moongphali),1 tablespoon White Urad Dal (Split)",Indian,Kara Sevai Recipe (Lemon Vermicelli),30
Theeyal,"Kerala sauce made from a mixture of spices consisting of roasted coconut, coriander seeds, tamarind water, dried red chili and fenugreek.",Vegetarian,bSerJgUrskZ0XAnsz1FZ,https://www.archanaskitchen.com/images/archanaskitchen/1-Author/monisha.nair1-gmail.com/Pavakka_theeyal_Bitter_gourd_curry.jpg,"1/2 teaspoon Turmeric powder (Haldi),2 Onions,2 tablespoons Coriander (Dhania) Seeds,1 tablespoons Sunflower Oil,Salt - to taste,8 Curry leaves,1 teaspoon Mustard seeds,6 Dry Red Chillies,5 Curry leaves,1 cup Fresh coconut,1/2 cups Water,1 teaspoon Sunflower Oil,1 teaspoon Jaggery,1/4 cup Tamarind Water,1 tablespoon Coconut Oil,2 Dry Red Chillies,3 Whole Black Peppercorns,Methi Seeds (Fenugreek Seeds) - a pinch,2 Karela (Bitter Gourd/ Pavakkai)",Tamil Nadu,Pavakka Theeyal Recipe - Spicy & Tangy Karela In Tamarind Gravy,50
Uttapam,Rice pancake/hopper with a topping of onions / tomatoes / coconut,Vegetarian,SoELaxElD0X1CAN17bnI,https://www.archanaskitchen.com/images/archanaskitchen/0-Archanas-Kitchen-Recipes/2018/Ragi_Onion_Uttapam_Recipe-1.jpg,"Salt - to taste,Coriander (Dhania) Leaves - few,Ragi Dosa Batter - as needed,2 Green Chillies - finely chopped,2 Onions - finely chopped,3 Carrots (Gajjar) - grated",South Indian Recipes,Ragi Onion Uttapam Recipe - Wholesome Breakfast Recipe,50
Vada,Savory donut. Urad dal.,Vegetarian,PiFFYjJzNLxORe1xnccS,https://www.archanaskitchen.com/images/archanaskitchen/1-Author/Waagmi_Soni/Dahi_Vada.jpg,"Sweet Chutney (Date & Tamarind) - as required,Salt - to taste,1/4 teaspoon Cumin powder (Jeera),Red Chilli powder - as required,Chaat Masala Powder - a pinch,1/4 teaspoon Cooking soda,1/2 cup White Urad Dal (Split) - soaked for 4 hours,1/4 teaspoon Black Salt (Kala Namak)",South Indian Recipes,Dahi Vada With Sweet & Spicy Chutney Recipe,75
Amti,a Lentil curry with Split lentils.,,uVo9FgpAuvYCmmliCGRX,https://www.archanaskitchen.com/images/archanaskitchen/1-Author/Madhuli_Ajay/Katachi_Amti_Spicy_accompaniment_to_Maharashtrian_Puran_Poli.jpg," 3 long, coriander leaves - little, 1 tablespoon oil,2 cups lentil water - chana lentil water, 1 teaspoon cumin, 1 bay leaf, 1 teaspoon mustard, 1 cup water - as per the experiment, 1/2 teaspoon goda masala, 2 whole black peppers, 5 curry leaves - break, 1 teaspoon tamarind paste - reduce as much as you like, 1 teaspoon Jaggery - grated, salt - to taste",Maharashtrian Recipes,Katachi Amti,25
Barfi,Sweet,,IOpMNJQP56Bp5Uokfvbj,https://www.archanaskitchen.com/images/archanaskitchen/1-Author/Pooja_Nadkarni/Guilt_Free_Coconut_Barfi.jpg,"15 Dates - seedless,3/4 cup Dessicated Coconut - + little extra for garnishing,1 tablespoon Ghee - /clarified butter + a little extra for greasing the plate,1/2 cup Badam (Almond) - powdered,1 teaspoon Cardamom Powder (Elaichi),3 tablespoons Milk",North Indian Recipes,Guilt Free Coconut Barfi Recipe,40
Basundi,Sweet made from milk by continuous heating to a point before condensing.,,eJeGK0DrrHMV5VulUCAk,https://www.archanaskitchen.com/images/archanaskitchen/Indian_Sweets_Mithai/Kesar_Pineapple_Rabri_Basundi_Sweet_Mithai_Recipe_Pudding-1.jpg,"2 Saffron strands,3/4 cup Sugar - (I like adding a little less sugar please adjust according to your taste),2 liter Milk,1 teaspoon Cardamom Powder (Elaichi),1/4 cup Badam (Almond) - or pistachios",Gujarati Recipes,Basundi / Rabri Recipe,55
Bhakri,"Whole wheat flour bread, thicker than rotli, crispy.",,VGkUqFrxZn4Wp0K5vx2V,https://www.archanaskitchen.com/images/archanaskitchen/1-Author/umar/Masala_Jowar_Bhakri.jpg,"1 Green Chilli - finely chopped,1 teaspoon Sesame seeds (Til seeds),1 cup Jowar Flour (Sorghum),2 teaspoons Sunflower Oil,Salt - to taste,1 Onion - finely chopped,1/2 teaspoon Ajwain (Carom seeds),1 sprig Curry leaves - finely chopped,Coriander (Dhania) Leaves - a handful",Maharashtrian Recipes,Masala Jowar Bhakri Recipe,35
Chaat,Snack,Vegetarian,Jt2kVtObyBtcv4haMANu,https://www.archanaskitchen.com/images/archanaskitchen/Indian_Street_Food/Dahi_Bhalla_Puri_Recipe-1.jpg,"1 Carrot (Gajjar) - grated,1 cup Green Chutney (Coriander & Mint),2 sprig Coriander (Dhania) Leaves - chopped,2 Onions - finely chopped,4 Curd Vada,1 cup Papdi puris,1 cup Boondi - or sev,Chaat Masala Powder - to taste,1 cup Sweet Chutney (Date & Tamarind),1/4 cup Raw Peanuts (Moongphali) - roasted and halved,Cumin powder (Jeera) - to taste,1 Anardana Powder (Pomegranate Seed Powder)",North Indian Recipes,Dahi Bhalla Papdi Chaat Recipe,40
Chevdo,"Mixture of Flattened rice, groundnut, chana, masala.",,cSt7iHsNY8R6ps3EJzMZ,https://www.archanaskitchen.com/images/archanaskitchen/Indian_Tea_Time_Snacks/Oven-Baked-Chevdo-Chivda-Recipe-6238.jpg,"1 teaspoon Asafoetida (hing),1/4 cup Sesame seeds (Til seeds),500 grams Poha (Flattened rice) - the super thin and flat variety,2 teaspoons Turmeric powder (Haldi),1/4 cup Raisins,Salt - to taste,1/4 cup Slivered Almonds (Badam) - roasted,1/2 teaspoon Red Chilli powder - (adjust),2 tablespoons Sugar - coarsely powdered,Sunflower Oil - for roasting,12 sprig Curry leaves - finely chopped,1/4 cup Roasted Peanuts (Moongphali) - halved and without skin,4 Green Chillies - finely chopped (adjust)",Gujarati Recipes,Baked Chevdo Recipe (Chivda Mixture -Tea Time Snack),50
Dhokla,Lentil snack. Gram.,Vegetarian,AwEZAmeMQgvdCPv4HFF4,https://www.archanaskitchen.com/images/archanaskitchen/1-Author/Waagmi_Soni/Sprouted_Moong_Dhokla.jpg,"250 grams Green Moong Sprouts,3 Green Chillies,1/2 teaspoon Cumin powder (Jeera),1/2 teaspoon Mustard seeds,Salt - to taste,1/2 teaspoon Sesame seeds (Til seeds),120 grams Gram flour (besan),1 Carrot (Gajjar),1 inch Ginger,2 tablespoon Coriander (Dhania) Leaves,1/2 cup Buttermilk,1/2 teaspoon Baking soda,1-1/2 tablespoon Sunflower Oil,1 sprig Curry leaves",Gujarati Recipes,Sprouted Moong Dhokla Recipe,105
Jeera Aloo,Typical West Indian dish,Vegetarian,7u6jkxuhJoQ8W13tI4HL,https://www.archanaskitchen.com/images/archanaskitchen/Indian_Vegetables_Dry/Aloo_Jeera_Sabzi_Recipe-1.jpg,"3 potatoes - boiled, 2 green chilies, 1 sprig curry leaves - cut, 1 teaspoon cumin seeds, oil - as per use, 1 teaspoon turmeric powder, salt - as per taste",North Indian Recipes,Jeera Aloo Sabzi,40
Koshimbir,"a salad, usually served as a side",,G57Ya9GaJGFqHgGxLIFn,https://www.archanaskitchen.com/images/archanaskitchen/1-Author/sibyl_sunitha/carrot_koshimbir_recipe-1_1600.jpg,"1 tablespoon Lemon juice,2 sprig Coriander (Dhania) Leaves - chopped,Salt - to taste,1 teaspoon Mustard seeds,1/2 teaspoon Sunflower Oil - for tempering,3 Carrots (Gajjar) - peeled and chopped into cubes,1 pinch Asafoetida (hing),2 tablespoon Fresh coconut - grated",Maharashtrian Recipes,Maharashtrian Style Gajarachi Koshimbir Recipe -Carrot Salad,30
Laddu,Sweet,,IxPNgVhDvJHrfZq2W3R4,https://www.archanaskitchen.com/images/archanaskitchen/1-Author/Roop/Besan_Ke_Laddu.jpg,"2 tablespoons Badam (Almond),6 Cardamom (Elaichi) Pods/Seeds,1 tablespoon Melon seeds,1/2 cup Fox nuts,2 tablespoons Pistachios,1/4 cup Fresh coconut - grated,1 tablespoon Chironji,1-1/2 cup Ghee,2 tablespoons Cashew nuts,1-1/2 cup Gram flour (besan),Sugar - (grinded) as required",North Indian Recipes,Besan Laddu Recipe,50
Malpua,Sweet,,cHnyjbDgbHcp1ef05d0e,https://www.archanaskitchen.com/images/archanaskitchen/1-Author/Swayampurna_Mishra/Malpua_with_rose_and_saffron_syrup.jpg,"1/4 teaspoon Cardamom (Elaichi) Pods/Seeds - crushed,2 cup Sugar,1/3 cup Khoya (Mawa),1 cup Milk,1/2 teaspoon Fennel seeds (Saunf) - crushed,1/4 cup Raisins,5 Cardamom (Elaichi) Pods/Seeds,Pistachios - or almonds to garnish,8 Saffron strands,2 tablespoons Sugar,1 teaspoon Rose Essence,1/2 cup All Purpose Flour (Maida),1/4 teaspoon Baking powder,1-3/4 cup Water,Rabri - thick clotted cream,1/2 cup Sooji (Semolina/ Rava),Sunflower Oil - to deep fry",North Indian Recipes,Malpua With Rose And Saffron Syrup Recipe,130
Sukhdi,Sweet,,7I5fffByHFVnNckm3Sjy,https://www.archanaskitchen.com/images/archanaskitchen/0-Archanas-Kitchen-Recipes/2020/Gol_Papdi_Golpapdi_Gur_Papdi_Sukhdi_Recipe_Gujarati_Sweet_12_1600.jpg,"1/4 cup Ghee,1 teaspoon Dry ginger powder,1/2 cup Jaggery - powdered/ grated,1/4 cup Badam (Almond) - fine sliced,1 teaspoon Cardamom Powder (Elaichi) - freshly ground,2 tablespoons Dessicated Coconut,1 cup Whole Wheat Flour",Gujarati Recipes,Golpapdi Recipe | Gur Papdi | Sukhdi recipe | Gujarati Gol Papdi,30
Thalipeeth,Savoury pancake. Mixed grain flour.,,th7yJEPyg9yD8mb33LXu,https://www.archanaskitchen.com/images/archanaskitchen/Indian_Breakfast_Tiffins/Maharashtrian_Multigrain_Thalipeeth_Recipe_Saffola_Fit_Foodie-4.jpg,"1 Green Chilli - finely chopped,1/2 cup Ragi Flour (Finger Millet/ Nagli),Salt - to taste,80 grams Rolled Oats Or Instant Oats - powdered,1 inch Ginger - grated,1/2 cup Gram flour (besan),2 tablespoons Sesame seeds (Til seeds),250 grams Methi Leaves (Fenugreek Leaves) - chopped,1/2 cup Curd (Dahi / Yogurt),1 cup Whole Wheat Flour,1/4 teaspoon Asafoetida (hing),1/2 cup Bajra Flour ( Pearl Millet),Sunflower Oil - for smearing",Maharashtrian Recipes,Maharashtrian Multigrain Thalipeeth Recipe,55
Vindaloo,"Goan pork vindaloo. Pork, goan red chilli paste.",,uVCtte8RHkoWhfzX1PO2,https://www.archanaskitchen.com/images/archanaskitchen/1-Author/Divya_Shivaraman_/Potato_Vindaloo.jpg,"7 Garlic - cloves,4 Shallots - peeled,2 tablespoon Sunflower Oil,1/3 cup Water - as required to grind to puree,Water - Enough for boiling potatoes,2 teaspoon Vinegar,1/4 teaspoon Methi Seeds (Fenugreek Seeds) - roasted,1 teaspoon Mustard seeds,10 Curry leaves,Salt - as needed,3 Potatoes (Aloo) - cleaned,1/2 teaspoon Sugar,1/2 teaspoon Cumin seeds (Jeera),1/4 teaspoon Turmeric powder (Haldi),12 Kashmiri dry red chillies - deseeded and soaked in hot water for 1/2 hour",Goan Recipes,Potato Vindaloo Recipe (Spicy Goan Potato Curry),40
Undhiyu,"The signature winter Gujarati dish. Curry of mixed vegetables like surti papdi, ratalu, potatoes, carrot, green garlic, tuvar dana, waal dana etc. rich in oil and spices generally accompanied by puri or roti.",,jzdlJ5DoU9yyfVrT7IPB,https://www.archanaskitchen.com/images/archanaskitchen/1-Author/Dhara/oil-free-gujarati-undhiyu-recipe-no-onion-no-garlic.jpg,"2 teaspoons Green Chillies - finely chopped,4 teaspoons Coriander Powder (Dhania),1/2 teaspoon Asafoetida (hing),1/2 cup Methi Leaves (Fenugreek Leaves) - chopped,1 pinch Cooking soda,1 tablespoon Red Chilli powder,1 cup Avarekalu / Lilva Beans - stringed,1/2 cup Purple cabbage - shredded,Salt - to taste,1 cup Tindora (Dondakaya/ Kovakkai) - sliced,1 cup Raw Banana - chopped,1/2 cup Cabbage (Patta Gobi/ Muttaikose) - shredded,1 teaspoon Turmeric powder (Haldi),2 teaspoons Sugar - (optional),2 teaspoons Garam masala powder,1 cup Gram flour (besan) - or handwa flour mix,1-1/2 cups Coriander (Dhania) Leaves - chopped,1 teaspoon Sugar,1-1/2 teaspoons Turmeric powder (Haldi),3 teaspoons Red Chilli powder,Coriander (Dhania) Leaves - few,2 tablespoons Dessicated Coconut,1/2 cup Green peas (Matar),3 Brinjal (Baingan / Eggplant) - make 4 slits",Gujarati Recipes,Oil Free Gujarati Undhiyu Recipe - No Onion No Garlic,60
Thepla,"A signature Gujarati snack which is a parantha with seasoning, made from wheat flour, this dish is generally accompanied by condiments like pickles, green chillies, etc. It is also known as Dhebra, Chopda etc. in various regions.",,x49i6hGanJiqJUi7dkbv,https://www.archanaskitchen.com/images/archanaskitchen/0-Archanas-Kitchen-Recipes/2019/Gehu_Bajra_Thepla_Recipe_-_Bajra_Masala_Paratha_6_1600.jpg,"1/2 teaspoon Turmeric powder (Haldi),1 Green Chilli - finely chopped,1 inch Ginger - grated,1/2 cup Whole Wheat Flour,1/2 teaspoon Black pepper powder,1 cup Bajra Flour ( Pearl Millet),4 sprig Coriander (Dhania) Leaves - finely chopped,Sunflower Oil - as required",Gujarati Recipes,Wheat Millet Thepla Recipe - Bajra Masala Paratha,45
Khaman,Made by steaming gram flour batter with flavorful seasoning accompanied with chutney.,,0bxn0QAM9ShAEh9rLZ9t,https://www.archanaskitchen.com/images/archanaskitchen/0-Archanas-Kitchen-Recipes/2020/Instant_Khaman_Dhokla_Recipe_Video_Gujarati_2_1600.jpg,"1/2 cup Water - or more if required,1/4 cup Fresh coconut - grated,1/4 teaspoon Turmeric powder (Haldi),4 Green Chillies - slit,1 teaspoon Salt - to taste,2 tablespoons Sugar,1 tablespoon Lemon juice,1 inch Ginger - chopped,1/2 cup Water,1/4 teaspoon Salt,6 sprig Coriander (Dhania) Leaves - finely chopped,1-1/2 cups Gram flour (besan),2 Green Chillies - chopped,1 tablespoon Sunflower Oil,1 teaspoon Sugar,1 teaspoon Enos fruit salt,2 sprig Curry leaves,1 teaspoon Cumin (Jeera) seeds,1 teaspoon Mustard seeds,2 tablespoons Lemon juice,1/4 cup Water,1/4 teaspoon Cooking soda,1 teaspoon Sunflower Oil",Gujarati Recipes,Instant Khaman Dhokla Recipe,30
Churma Ladoo,"A sweet dish made with wheat flour, ghee, sugar or jaggery and dry fruits.",,BEzZfRaHTV3jxYyfj4oc,https://www.archanaskitchen.com/images/archanaskitchen/Indian_Sweets_Mithai/Churma_Ladoo_Recipe_Atta_Whole_Wheat_Ladoo-1.jpg,"2 teaspoons Cardamom Powder (Elaichi),1 cup Ghee,1/2 cup Poppy seeds,Milk - as required,Ghee - for frying,1 teaspoon Nutmeg powder,2 cups Whole Wheat Flour,2 cups Jaggery - shredded",Rajasthani,Churma Ladoo Recipe - Atta/Whole Wheat Ladoo,52
Luchi,"A Puffed bread, fried in oil, made from flour. A Bengali specialty",,odCCaz2HD0EvSRNaMpd0,https://www.archanaskitchen.com/images/archanaskitchen/0-Archanas-Kitchen-Recipes/2018/Bengali_Luchi_Recipe_Maida_Puri-1.jpg,"Sunflower Oil - for deep frying,Lukewarm Water - for kneading,1/2 teaspoon Salt,3 cups All Purpose Flour (Maida),2 tablespoons Ghee",Bengali Recipes,Bengali Luchi Recipe - Bengali Softa Maida Puffed Puri,50
Bilahi Maas,A fish curry cooked with tomatoes.,,4kr9V95JyTlUvV6TjKns,https://www.archanaskitchen.com/images/archanaskitchen/1-Author/shalinir28-gmail.com/Assamese_Fish_Curry_with_Potatoes_and_Tomatoes__Aloo_Bilahi_Maas.jpg,"1/2 teaspoon Turmeric powder (Haldi),3/4 teaspoon Cumin powder (Jeera),Salt - to taste,6 Rohu fish - or any other fresh water fish,3 cups Water,3 Tomatoes - finely chopped,4 cloves Garlic - finely chopped,1/2 teaspoon Garam masala powder,2 tablespoon Mustard oil,1/2 tablespoon Cumin seeds (Jeera),1 Onion - finely chopped,4 tablespoon Mustard oil,4 sprig Coriander (Dhania) Leaves - chopped,1 Bay leaf (tej patta),2 Dry Red Chillies - slit,4 Potatoes (Aloo) - boiled and roughly mashed",Assamese,Aloo Bilahi Maas Recipe - Assamese Fish Curry With Potatoes And Tomatoes,30
Brown Rice,A special local variety of rice.,,M4NWdP0AP0UDyyIry1Tj,https://www.archanaskitchen.com/images/archanaskitchen/0-Archanas-Kitchen-Recipes/2018/July-25/Herbed_Brown_Rice_Recipe-3_1600.jpg,"1-1 / 2 cup brown rice, 3 tsp rosemary, water - According to use, 4 tsp red chilli flakes, 3 tsp oregano, salt - as per taste, oil, 2 onions - finely chopped, 4 long garlic - finely chopped",Continental,Herbal Brown Rice Recipe - Herbal Brown Rice Recipe,30
Dal,Lentils.,,0AoV1Xip6dFcnaXHpCEI,https://www.archanaskitchen.com/images/archanaskitchen/1-Author/Madhuri_Aggarwal/Chanar_Dalna.jpg,"1 tablespoon Panch Phoran Masala - roasted and powdered,2 Dry Red Chilli,2 Bay leaf (tej patta),1 teaspoon Cumin seeds (Jeera) - roasted and powdered,2 Potato (Aloo) - peeled and cut into cubes,Salt - to taste,1 teaspoon Red Chilli powder,1 Tomato - big sized,1 teaspoon Ginger - grated,1/2 teaspoon Sugar,1 teaspoon Turmeric powder (Haldi),Sunflower Oil - as required,200 grams Paneer (Homemade Cottage Cheese) - cut into cubes",Bengali Recipes,Chanar Dal Recipe - Bengali Steel Paneer & Potato Gravy,75
Konir Dom,Egg curry.,,uSK67seRqOz4mR0mDOLL,https://www.archanaskitchen.com/images/archanaskitchen/1-Author/shaheen_ali/Aloo_Konir_Dom__Assamese_Egg__Potato_Curry.jpg,"2 tablespoon Ginger Garlic Paste,2 Tomatoes - ripe,1 teaspoon Cumin powder (Jeera),1 tablespoon Coriander Powder (Dhania),1/2 cup Coriander (Dhania) Leaves - chopped,2 Bay leaf (tej patta),1 inch Cinnamon Stick (Dalchini),1 teaspoon Cumin seeds (Jeera),2 Cardamom (Elaichi) Pods/Seeds,2 teaspoon Turmeric powder (Haldi),Salt - Salt to taste,3 Dry Red Chilli,5 Potatoes (Aloo) - peeled & quartered,4 Whole Eggs - boiled and peeled,2 tablespoon Sunflower Oil - preferable Mustard oil (adjustable),3 Green Chillies - slit,4 Cloves (Laung),2 Onion - chopped or grounded",Assamese,Aloo Konir Dom Recipe (Assamese Egg & Potato Curry),45
Litti,Balls of wheat and sattu baked in oven and served with mashed potatoes (chokha),,gadwXLiEnymizGIB9EPG,https://www.archanaskitchen.com/images/archanaskitchen/1-Author/Shaheen_Ali/Traditional_Bihari_Litti_Chokha_Recipe-1.jpg,"3-1/2 cups Whole Wheat Flour,1/2 teaspoon Fennel seeds (Saunf) - pounded,3/4 cup Ghee,1/2 teaspoon Kalonji (Onion Nigella Seeds),Salt - to taste,1 teaspoon Lemon juice,1 inch Ginger - grated,1/3 teaspoon Baking soda,1 teaspoon Salt - to taste,Lukewarm Water - to knead the flour,2 cloves Garlic - grated,2 Green Chillies - finely chopped,Coriander (Dhania) Leaves - a small bunch finely chopped,1/2 teaspoon Ajwain (Carom seeds),1-1/2 cups Roasted Gram Flour (Sattu Ka Atta),2 tablespoons Curd (Dahi / Yogurt),1 tablespoon Mustard oil",Bihari,Traditional Bihari Litti Chokha Recipe,105
Mishti Doi,"A dessert with curd, sugar syrup and /or jaggery. Bengali Sweet curd.",,vQ54oUBm6p69aATqqcwe,https://www.archanaskitchen.com/images/archanaskitchen/1-Author/Sapana_Behl/Sweet_Caramelized_Yogurt.jpg,"1 tablespoon Curd (Dahi / Yogurt) - whisked,1 tablespoon Water,3 cups Milk,3/4 cup Sugar",Bengali Recipes,Mishti Doi Recipe - Traditional Bengali Sweet Yogurt,40
Bhaji,Fried Vegetables.,,Xj9St8mN0jSiGHZZSrQD,https://www.archanaskitchen.com/images/archanaskitchen/0-Archanas-Kitchen-Recipes/2017/9-feb/Aluchi_Bhaji_Maharastrian_Colacasia_leaves_curry_with_peanuts-1.jpg,"1 teaspoon Amchur (Dry Mango Powder),1/2 teaspoon Mustard seeds,2 teaspoons Jaggery - grated,Salt - to taste,2 tablespoons Chana dal (Bengal Gram Dal) - soaked in hot water for 30 minutes,2 Green Chillies - slit,1/4 cup Raw Peanuts (Moongphali) - soaked in hot water for 30 minutes,7 Dry coconut (kopra) - thinly sliced,1/2 teaspoon Asafoetida (hing),1/4 teaspoon Turmeric powder (Haldi),1 teaspoon Sunflower Oil,50 grams Colocasia Leaves (Arbi) - leaves along with tender stemscleaned and finely chopped,1/2 teaspoon Cumin seeds (Jeera)",Maharashtrian Recipes,Aluchi Bhaji Recipe - Maharashtrian Style Colocasia Leaves Curry,30
Peda,Sweet,,pmBQZoeQ7JcfuIjj5sQ2,https://www.archanaskitchen.com/images/archanaskitchen/0-Archanas-Kitchen-Recipes/2019/Kesar_Peda_Recipe_14_1600.jpg,"1/2 teaspoon Ghee - optional,1 tablespoon Pistachios - sliced,4 tablespoons Sugar,300 grams Khoya (Mawa) - store bought or home made,1/4 teaspoon Cardamom Powder (Elaichi),2 tablespoons Milk,1 teaspoon Saffron strands",Indian,Saffron Peda Recipe,45
Red Rice,Special local variety of rice.,,t884t5txrAfNyvQJhST9,https://www.archanaskitchen.com/images/archanaskitchen/1-Author/sibyl_sunitha/Thai_Green_Curry_with_Chicken__Red_Rice_Recipe.jpg,"Salt - ,5 Stalks Lemongrass,1 cup Red matta rice,3 cloves Garlic,1 Onion - roughly chopped or 1/4 cup freshly chopped spring onions,2 Carrots (Gajjar) - thinly sliced,1 sprig Basil leaves - or kaffir lime leaves,Salt - to taste,1 teaspoon Cumin seeds (Jeera) - roasted,3 sprig Basil leaves,3 tablespoons Thai Green Curry paste,2 inch Ginger - sliced,1 tablespoon Coriander (Dhania) Seeds - whole roasted,8 Button mushrooms - quartered,5 Green Chillies - fresh green thai bird chilies,1 cup Lukewarm Water - or vegetable stock,1/4 cup Coriander (Dhania) Leaves - chopped,300 grams Chicken breasts - cut into bite sized pieces,1 tablespoon Brown Sugar (Demerara Sugar),1 inch Ginger,400 ml Coconut milk - unsweetened,5 Whole Black Peppercorns,1 teaspoon Sunflower Oil",Thai,Thai Green Curry with Chicken & Red Rice Recipe,40
Rice,Staple Food.,,xKYP16rUbrGbIn99zeuv,https://www.archanaskitchen.com/images/archanaskitchen/Indian_Rice/Jeera_Pulao_Pilaf_Pulav_Recipe_Cumin_Ghee_Rice-3.jpg,"1 cup Rice,2 teaspoons Cumin seeds (Jeera),2 tablespoons Ghee,Salt - to taste",Indian,Jeera Rice Recipe - Cumin And Ghee Flavored Rice,30
Shondesh,A dessert with milk and sugar. A signature Bengali Dish,,fSXANRKmNpNjiC0QkJPr,https://www.archanaskitchen.com/images/archanaskitchen/Indian_Sweets_Mithai/Dark_Chocolate_Sondesh_Dipped_In_Chocolate_Recipe-1.jpg,"1/4 cup Raisins - finely chopped,Lemon juice - from one or two lemons,1 tablespoon Cocoa Powder,2 liter Milk - full fat,3-4 tablespoons Condensed Milk,1/2 teaspoon Vanilla Extract,200 grams Dark chocolate,2 tablespoons Slivered Almonds (Badam)",Bengali Recipes,Dark Chocolate Sandesh (Shondesh) Dipped In Chocolate Recipe,50
Shukto,"A Bengali cuisine. Diced potaotes, sweet potatoes, broad beans, eggplant, drumsticks, raw bananas, radish cooked together and saut√©ed with mustard seeds. This culinary cooked in mustard oil and sometimes shredded coconut can also be used.",,PVhuneyzdCfdHIWj1Ses,https://www.archanaskitchen.com/images/archanaskitchen/1-Author/admin/Shukto_Recipe__Bengali_Mixed_Vegetable_in_Mustard_and_Poppy_Seed_Gravy.jpg,"1 teaspoon Sugar,1 Raw Banana - peeled and diced,Salt - to taste,1 teaspoon Panch Phoran Masala,1 Carrot (Gajjar) - peeled and diced,1 teaspoon Mustard seeds,1 inch Ginger - grated,2 Green Chillies - slit,1/2 cup Milk,1 Ridge Gourd (Turai/ Peerkangai) - peeled and diced,2 teaspoons Mustard oil,1 Potato (Aloo) - peeled and diced,2 teaspoons Poppy seeds,1 Bay leaf (tej patta),1/4 teaspoon Turmeric powder (Haldi),1 Karela (Bitter Gourd/ Pavakkai) - small diced,1 Drumstick - cut into 2 inch pieces,2 Dry Red Chillies - broken",Bengali Recipes,Shukto Recipe - Bengali Mixed Vegetable in Mustard and Poppy Seed Gravy,40
Anarsa,"A pastry-like snack commonly associated with the Hindu festival of Diwali in Maharashtra, central and northern India, its ingredients include jaggery (unrefined cane sugar), rice, poppy seed, and ghee (clarified butter).",,ExWLUPFyn2Bw7VW59BLD,https://www.archanaskitchen.com/images/archanaskitchen/1-Author/poonampagar-gmail.com/traditional-anarsa-recipe-with-curd-apoopa.jpg,"1/2 tablespoon Curd (Dahi / Yogurt),3/4 cup Caster Sugar,1 cup Rice - Soaked for 3 days,Ghee - to cook,4 tablespoons Poppy seeds",Maharashtrian Recipes,Traditional Anarsa Recipe With Curd (Apoopa),62
Basundi,"An Indian dessert mostly in Bihar, Maharashtra, Gujarat, and Karnataka, it is a sweetened condensed milk made by boiling milk and sugar on low heat until the milk is reduced by half. It is often made on Hindu festivals such as Kali Chaudas and Bhaubeej (Bhai Dooj).",,eJeGK0DrrHMV5VulUCAk,https://www.archanaskitchen.com/images/archanaskitchen/Indian_Sweets_Mithai/Kesar_Pineapple_Rabri_Basundi_Sweet_Mithai_Recipe_Pudding-1.jpg,"2 Saffron strands,3/4 cup Sugar - (I like adding a little less sugar please adjust according to your taste),2 liter Milk,1 teaspoon Cardamom Powder (Elaichi),1/4 cup Badam (Almond) - or pistachios",Gujarati Recipes,Basundi / Rabri Recipe,55
Bhakarwadi,"A crispy sweet and spicy snack, popular in Maharashtra, Gujarat and Rajasthan. It is made from gram flour dough made into spirals stuffed with a mixture of coconut, poppy seeds and sesame seeds.",,p7jfHiPzwkqs5grzJB1T,https://www.archanaskitchen.com/images/archanaskitchen/1-Author/gricha874-gmail.com/BHAKARWADI__RECIPEHOW_TO_MAKE_BAKARWADI_1600.jpg,"1 pinch Turmeric powder (Haldi),1 teaspoon Amchur (Dry Mango Powder),1/2 cup Dessicated Coconut,1 tablespoon Sugar,1/2 teaspoon Fennel seeds (Saunf),Salt - to taste,1 teaspoon Red Chilli powder,1/2 cup Gram flour (besan),1/2 teaspoon Garam masala powder,1 tablespoon Poppy seeds,1/4 teaspoon Coriander Powder (Dhania),1/2 cup All Purpose Flour (Maida),2 tablespoon Sesame seeds (Til seeds),2 tablespoons Tamarind Paste - or Tomato ketchup,1/4 teaspoon Turmeric powder (Haldi),1/4 teaspoon Cumin powder (Jeera),1/4 teaspoon Baking soda,Sunflower Oil - for deep-frying,1/2 teaspoon Red Chilli powder,1 pinch Asafoetida (hing)",Maharashtrian Recipes,Traditional Maharashtrian Bhakarwadi Recipe,40
Boondi,"Boondi is a Rajasthani snack food made from sweetened, fried chickpea flour.",,ARqf8I2GKlJVCWyIWU4C,https://www.archanaskitchen.com/images/archanaskitchen/1-Author/Sasmita/Sweet_Boondi__Meethi_Boondi.jpg,"3/4 cup Sugar,1 pinch Yellow food colour - optional,1/2 cup Water,1 cup Gram flour (besan),1 pinch Orange color - optional,1 pinch Baking soda,Sunflower Oil - to deep fry",Indian,Sweet Boondi / Meethi Boondi Recipe,110
Dhokla,"Dhokla is a vegetarian food item, from the Indian state of Gujarat, is made with a fermented batter derived from rice and split chickpeas.",,noOaWiFOUhglVRbXqkbA,https://www.archanaskitchen.com/images/archanaskitchen/1-Author/Shyma_Menon/Green_Chutney_Rava_Dhokla_Recipe-6_1600.jpg,"1/4 cup Green Chutney (Coriander & Mint),1 teaspoon Enos fruit salt,1/2 teaspoon Mustard seeds,Salt - to taste,1/2 teaspoon Sesame seeds (Til seeds),1 tablespoon Sunflower Oil,Coriander (Dhania) Leaves - to garnish,1 sprig Curry leaves,1 teaspoon Sunflower Oil,1/4 cup Curd (Dahi / Yogurt),1 cup Sooji (Semolina/ Rava),1/2 teaspoon Cumin seeds (Jeera),1 pinch Asafoetida (hing)",Gujarati Recipes,Green Chutney Rava Dhokla Recipe - Sooji Dhokla,25
Ghugni,"An evening snack in Eastern India (Assam, Bengal, Bihar, Orissa). Black gram (Kala Chana) or dried yellow peas or dried white peas is cooked with gravy, in the traditional eastern Indian style. It is then served with murmura (puffed rice), and at times with hot onion pakoda/bhajiya.",,2sR4bUVS4d0gctYlO7yj,https://www.archanaskitchen.com/images/archanaskitchen/Indian_Street_Food/Calcutta_Ghugni_Recipe_Tangy_Yellow_Peas_Curry_Street_Food_Snack-1.jpg,"3 sprig Coriander (Dhania) Leaves - finely chopped,1/8 cup White pepper powder,1 cup Dried Yellow/White Peas (Vatana) - soaked for 4 hourse,1/2 teaspoon Kalonji (Onion Nigella Seeds),Salt - to taste,1/4 cup Coriander (Dhania) Seeds,1 inch Ginger - grated,1/8 cup Rock Salt,2 Green Chillies - finely chopped,1/8 cup Red Chilli powder,1/4 cup Cumin seeds (Jeera),3 inch Ginger - thinly sliced,1/4 teaspoon Turmeric powder (Haldi),1/8 cup Amchur (Dry Mango Powder),1 Lemon - to be used when serving,10 Bay leaves (tej patta)",Bengali Recipes,Calcutta Style Ghugni Recipe-Tangy Yellow Peas Curry,290
Matar Kachori,"Usually a round flattened ball made of fine flour filled with a stuffing of baked mixture of yellow moong dal or urad dal (crushed and washed horse beans), besan (crushed and washed gram flour), black pepper, red chili powder, salt and other spices. This spicy snack is popular in various areas of India including Uttar Pradesh, Rajasthan, Delhi, Maharashtra, Madhya Pradesh, Gujarat, Bengal and Orissa.[26] It is also a popular snack food in Karachi, Pakistan.",,BFUVMShkFd4Fs6M9RAAA,https://www.archanaskitchen.com/images/archanaskitchen/1-Author/Madhuri_Aggarwal/Matar_Kachori_Recipe-6.jpg,"1/2 teaspoon Kalonji (Onion Nigella Seeds),2 tablespoon Ghee,Salt - to taste,Mustard oil - for deep frying,1/4 teaspoon Salt,4 cloves Garlic - finely chopped,1 teaspoon Red Chilli powder,1/2 teaspoon Garam masala powder,1/2 teaspoon Chaat Masala Powder,2 teaspoon Fennel seeds (Saunf),2 tablespoons Gram flour (besan),1 cup Green peas (Matar) - steamed,1 cup Whole Wheat Flour,1/4 teaspoon Turmeric powder (Haldi),2 Green Chillies - chopped,1 inch Ginger - finely chopped,1 teaspoon Amchur (Dry Mango Powder)",North Indian Recipes,Matar Kachori Recipe,120
Kebab,"A wide variety of skewered meals originating in the Middle East and later on adopted in the Balkans, the Caucasus, other parts of Europe, as well as Central and South Asia, that are now found worldwide. Pictured are lamb kebabs.",,rDvUIqwBi6OQpymWHdiY,https://www.archanaskitchen.com/images/archanaskitchen/1-Author/sibyl_sunitha/Spicy_Lemon_Chicken_Kebab_Recipe_.jpg,"2 tablespoon Extra Virgin Olive Oil,1 Red Bell pepper (Capsicum) - cut into squares,Salt - to taste,1 Onion - cut into chunks,1 Chicken breasts - cut into cubes,1 teaspoon Red Chilli flakes,1 Lemon juice,1 teaspoon Black pepper powder,1 teaspoon Dried Thyme Leaves",Indian,Spicy Lemon Chicken Kebab Recipe,90
Kesari,"A sweet dish commonly made in South India. The sweet dish is made with semolina, sugar & ghee. Since a pinch of Saffron(kesari) is added to give the sweet dish an orange color, the sweet dish is names as 'Kesari'",,rHi7AYKWlb5cawv2tIHG,https://www.archanaskitchen.com/images/archanaskitchen/1-Author/Uma_Raghuraman/Milk_Kesari_Recipe_Paal_Kesari_Recipe.jpg,"1 Cardamom (Elaichi) Pods/Seeds - crushed (optional),3/4 cup Sugar,1 teaspoon Ghee,1/2 teaspoon Ghee - for roasting the rava,5 Saffron strands - (lightly powdered using mortar and pestle),3 cups Milk,1 Mixed dry fruits - chopped,5 Cashew nuts,5 Raisins,1/2 cup Sooji (Semolina/ Rava)",South Indian Recipes,Paal Kesari Recipe - South Indian Style Milk Kesari,35
Khaman Dhokla,"A vegetarian food item that originates from the Indian state of Gujarat. It is made with a fermented batter of gram flour (chickpeas).[29] Khaman can be eaten for breakfast, as a main course, as a side dish or as a snack.The final touch to the soft and fluffy khaman is added with a garnishing of sesame seeds, mustard seeds, coriander leaves and even curry leaves. People who savour the taste of coconut may add some grated coconut on the top to enhance the flavour. It is a preferred variant of Dhokla and has a lighter colour.",,0bxn0QAM9ShAEh9rLZ9t,https://www.archanaskitchen.com/images/archanaskitchen/0-Archanas-Kitchen-Recipes/2020/Instant_Khaman_Dhokla_Recipe_Video_Gujarati_2_1600.jpg,"1/2 cup Water - or more if required,1/4 cup Fresh coconut - grated,1/4 teaspoon Turmeric powder (Haldi),4 Green Chillies - slit,1 teaspoon Salt - to taste,2 tablespoons Sugar,1 tablespoon Lemon juice,1 inch Ginger - chopped,1/2 cup Water,1/4 teaspoon Salt,6 sprig Coriander (Dhania) Leaves - finely chopped,1-1/2 cups Gram flour (besan),2 Green Chillies - chopped,1 tablespoon Sunflower Oil,1 teaspoon Sugar,1 teaspoon Enos fruit salt,2 sprig Curry leaves,1 teaspoon Cumin (Jeera) seeds,1 teaspoon Mustard seeds,2 tablespoons Lemon juice,1/4 cup Water,1/4 teaspoon Cooking soda,1 teaspoon Sunflower Oil",Gujarati Recipes,Instant Khaman Dhokla Recipe,30
Khandvi,"A collective term used for a type of snacks in Gujarati cuisine, from the Indian state of Gujarat.[30] It is made mainly of gram flour and yogurt which is slowly cooked into a paste. The mixture is then spread out to cool, cut, and rolled into scroll shapes. Some are fried items which are then dried and can be stored, others are fresh or steamed.",,TP97KuzeMMg6jbzKtVAG,https://www.archanaskitchen.com/images/archanaskitchen/1-Author/Rupal_Patel/Pomegranate_Flavored_Stuffed_Khandvi.jpg,"1/2 tablespoon Sunflower Oil,1-1/2 teaspoon Red Chilli powder,2 tablespoons Fresh coconut - grated,Salt - to taste,2 tablespoons Paneer (Homemade Cottage Cheese) - grated,1/2 teaspoon Sesame seeds (Til seeds),1/2 cup Gram flour (besan),1-2 teaspoons Sugar,1 cup Pomegranate juice,1 tablespoon Coriander (Dhania) Leaves - finely chopped,1 teaspoon Mustard seeds,1 Green Chilli - chopped,Salt - to taste.,Asafoetida (hing) - a pinch,1/2 cup Curd (Dahi / Yogurt),Coriander (Dhania) Leaves - Few sprigs chopped,Fresh coconut - grated",Gujarati Recipes,Pomegranate Flavoured Stuffed Khandvi Recipe,50
Kosambari,"A salad made from pulses (split legumes) and seasoned with mustard seeds. The pulses generally used are split bengal gram (kadale bele in Kannada) and split Green gram (Hesaru bele in Kannada). These salads are sometimes eaten as snacks, but usually as a part of full course meal in Udupi cuisine.",,bdQzACh4HxvuM0KIJWas,https://www.archanaskitchen.com/images/archanaskitchen/1-Author/Smitha_Kalluraya/SPROUTED_GREEN_GRAM_KOSAMBARI_1600.jpg,"Lemon juice - as required,1/2 cup Carrots (Gajjar) - grated,2 sprig Coriander (Dhania) Leaves - chopped,Salt - to taste,1/2 cup Fresh Pomegranate Fruit Kernels,1 teaspoon Mustard seeds,1 to 2 tablespoons Fresh coconut - grated (optional),1 sprig Curry leaves,2 to 4 Green Chillies - chopped,Sunflower Oil - as required,1 pinch Asafoetida (hing),1 cup Green Moong Sprouts",Karnataka,Sprouted Green Gram Kosambari Recipe- With Pomegranates,25
Modak,"A sweet delicacy shaped like a dumpling native to Maharashtra, Gujarat, and Southern India. The sweet filling inside a modak is made up of fresh grated coconut and jaggery, while the soft shell is made from rice flour, or wheat flour mixed with khava or maida flour. The dumpling can be fried or steamed. The steamed version, called ukdiche modak, is eaten hot with ghee. Modak has a special importance in the worship of the Hindu god Ganesh. During the Ganesh worship ceremony, known in India as Ganesh Chaturthi the puja always concludes with an offering of modaks to the deity and as prasad.",,mZ7hY9JBfnbOcUTFI3N9,https://www.archanaskitchen.com/images/archanaskitchen/1-Author/Anitha_Kirubakaran/Motichoor_Modak.jpg,"10 to 12 Saffron strands,Water - as required,Salt - as per your taste,pinch Salt - optional,1/2 teaspoon Rose water,1/2 cup Gram flour (besan),1/2 teaspoon Cardamom Powder (Elaichi),1 teaspoon Melon seeds,1 tablespoon Ghee,pinch Baking soda,1/4 cup Water,1/2 cup Sugar,1 teaspoon Badam (Almond) - crushed,Sunflower Oil - as required,pinch Orange color",Indian,Motichoor Modak Recipe,60
Momo,"A type of dumpling native to Nepal, Tibet, the bordering regions of Bhutan, and the Himalayan states of India including Sikkim and Arunachal Pradesh. It is similar to the Japanese Gyoza, the Mongolian buuz or the Chinese baozi and jiaozi. Different types of meat fillings are popular in different regions.",,7cwp1uOEc4zTcgH4xhti,https://www.archanaskitchen.com/images/archanaskitchen/1-Author/shaikh.khalid7-gmail.com/Chicken_Momos_Recipe_Delicious_Steamed_Chicken_Dumplings.jpg,"2 cups All Purpose Flour (Maida),1/4 tablespoon Whole Black Peppercorns - crushed,1/2 tablespoon Soy sauce,Salt - to taste,1 cup Chicken - boiled and minced,1/2 cup Onions - finely chopped,1/2 cup Green peas (Matar) - boiled,1 Fresh Red chillies - or green chilli,1-1/2 teaspoon Baking powder,1 tablespoon Garlic - finely chopped,1/2 tablespoon Ginger - finely chopped",North East India Recipes,Chicken Momos Recipe -Delicious Steamed Chicken Dumplings,60
Murukku,"A South Indian snack of savory crunchy twists made from rice and urad dal flour.[34] Murukku means twisted in the Tamil language.[35] The town of Manapparai in Tamil Nadu is particularly known for its murukku. These days, Manappari Murukku can be bought online.[36] Murukku is made in many varieties as a traditional treat for festivals such as Diwali and Krishna Janmashtami.[37] Murukku are often served on special occasions within Iyer (Tamil Brahmin) families.[38] Murukku is known by different names across the different South Indian states, and is made from a variety of ingredients.",,XrqyjyriQwR3abn5mvyh,https://www.archanaskitchen.com/images/archanaskitchen/1-Author/Jyothi_Rajesh/Vivatta_Whole_Wheat_Flour_Murukku.jpg,"Sunflower Oil - for deep frying,1 teaspoon Salt,Water - as required,1 teaspoon Red Chilli powder,2 teaspoon Sesame seeds (Til seeds),1 teaspoon Ajwain (Carom seeds),2 cups Whole Wheat Flour,1 tablespoon Butter (unsalted) - melted",South Indian Recipes,Whole Wheat Flour Murukku Recipe,30
Namkeen,"Namkeen or Namkin are Hindi words for savory or salty foods. The word is probably derived from the Hindi word for salt, which is Namak. Khaara, Farsan, Chevda, Sev, Chips, Bhajiya, Mixture are some other names of Namkeen, used in different parts of India. Namkeen of Indore and Ratlam is very famous for its taste.",,sg4oJpaikpHe7B1AQMbP,https://www.archanaskitchen.com/images/archanaskitchen/1-Author/Anshu_Pande/Sabudana_Khatti_Meethi_Namkeen.jpg,"1 cup Raw Peanuts (Moongphali),1 teaspoon Rock Salt,15-20 Cashew nuts,1 tablespoon Sugar - powdered,8-10 Curry leaves,15-20 Raisins,1/2 cup Sabudana (Tapioca Pearls),1/2 teaspoon Whole Black Peppercorns - ground,Sunflower Oil - to fry",Indian,Sabudana Khatti Meethi Namkeen Recipe,30
Pakora,"Created by taking one or two ingredients such as onion, eggplant, potato, spinach, plantain, paneer, cauliflower, tomato, chili pepper, or occasionally apple[39] or chicken and dipping them in a batter of gram flour, they are then deep-fried. The most popular varieties are palak pakora, made from spinach, paneer pakora, made from paneer (soft cheese), pyaz pakora, made from onion, and aloo pakora, made from potato.",,dpkNDRPhOB7ijkMEUN2Y,https://www.archanaskitchen.com/images/archanaskitchen/1-Author/sibyl_sunitha/Chicken_Pakoda_Recipe.jpg,"1 Onion - sliced,5 tablespoons Gram flour (besan),Water - as required,1 sprig Coriander (Dhania) Leaves - chopped,Salt - to taste,1 teaspoon Cumin seeds (Jeera),1 teaspoon Red Chilli powder,250 grams Chicken - minced,Chaat Masala Powder - as required,1/4 teaspoon Turmeric powder (Haldi),Pickled onions - as required,Sunflower Oil",Indian,Chicken Pakora Recipe - Chicken Fritters,35
Pakwan,Crisp snacks,,4YZsKZZG5xRge8P6KLrl,https://www.archanaskitchen.com/images/archanaskitchen/Indian_Dal_Khadi_Curry/Sindhi_Pakwan_Recipe_Served_With_Sindhi_Dal_Dal_Pakwan-1.jpg,"1 cup All Purpose Flour (Maida),Sunflower Oil - for deep frying,1 teaspoon Cumin seeds (Jeera),1 teaspoon Ajwain (Carom seeds),Salt - as needed,2 tablespoons Ghee,1 cup Whole Wheat Flour",Sindhi,Sindhi Pakwan Recipe - Crisp Delicious Puri,45
Pav Bhaji,"A Maharashtrian fast food dish that originated in Maharashtrain cuisine, it is native to Maharashtra and has now become popular in most metropolitan areas in India, especially in those of central and western Indian states[50] such as Gujarat and Karnataka.[51] Pav in Marathi means a small loaf of bread. Bhaji in Marathi means vegetable dish. Pav bhaji consists of bhaji (a thick potato-based curry) garnished with coriander, chopped onion, and a dash of lemon and lightly toasted pav. The pav is usually buttered on all sides.",,gNZ7jcH2XoUNFLi2PpZS,https://www.archanaskitchen.com/images/archanaskitchen/1-Author/nithya.anantham/Cheesy_Pav_Bhaji_Recipe.jpg,"1/2 cup Green beans (French Beans) - finely chopped,1 tablespoon Pav bhaji masala,1/2 cup Carrots (Gajjar) - finely chopped,3 cloves Garlic - grated,1/2 cup Cauliflower (gobi) - cut into small florets,2 tablespoons Cheese,1 inch Ginger - grated,1 teaspoon Red Chilli powder,1/2 cup Cabbage (Patta Gobi/ Muttaikose) - finely shredded,1 teaspoon Coriander Powder (Dhania),Salt - to taste,1 Onion - finely chopped,2 Tomatoes - finely chopped,1/2 cup Green peas (Matar),2 tablespoons Butter,1 Green Bell Pepper (Capsicum) - finely chopped,2 Potatoes (Aloo) - cubed",Maharashtrian Recipes,Cheesy Pav Bhaji Recipe,30
Puffs,"A light pastry case, typically one made of puff pastry, containing a sweet or savoury filling.",,H0KKjzJ6YBNf4p45cden,https://www.archanaskitchen.com/images/archanaskitchen/1-Author/Avin_Kohli/Paneer_Cheese_Puffs.jpg,"Salt - as required,2-1/2 cup All Purpose Flour (Maida),Sesame seeds (Til seeds) - for topping,Chilled water - as required,1/2 cup Cheese,1 tablespoon Coriander (Dhania) Leaves - finely chopped,1 Onion - finely chopped,Salt and Pepper - for taste,150 grams Butter - cold,Milk - for brushing,1 cup Paneer (Homemade Cottage Cheese) - crumbled",Fusion,Paneer Cheese Puffs Recipe,60
Puran Poli,"A traditional type of sweet flatbread made in India in the states of Karnataka, Maharashtra, Gujarat, andhra pradesh and Goa.[53]",,57DzgXT0DUgpZYzlXXJv,https://www.archanaskitchen.com/images/archanaskitchen/0-Archanas-Kitchen-Recipes/2020/Gujarati_Maharastrian_Puran_Poli_Recipe_1_1600.jpg,"Ghee - for cooking/ serving,1/4 teaspoon Salt,1 cup Arhar dal (Split Toor Dal),1 teaspoon Cardamom Powder (Elaichi),2 tablespoons Gram flour (besan) - or more if required,2 cups Whole Wheat Flour,10 Saffron strands,3/4 cup Jaggery,1/2 teaspoon Nutmeg powder,2 tablespoons Sunflower Oil",Gujarati Recipes,Puran Poli Recipe | Gujarati & Maharastrian | Sweet Spiced Stuffed Paratha With Jaggery,80
Puri,"Eaten for breakfast or as a snack or light meal, puri is prepared with wheat flour, either atta (whole wheat flour), maida (refined wheat flour), or sooji (coarse wheat flour). A dough of flour and salt is either rolled out in a small circle or rolled out and cut out in small circles and deep fried in ghee or vegetable oil. While deep frying, it puffs up like a round ball because moisture in the dough changes into steam which expands in all directions. When it is golden-brown in color, it is removed and may be served hot or saved for later use (as with the snack food pani puri).",,sfpjXe1rsCbpHVFt3AY2,https://www.archanaskitchen.com/images/archanaskitchen/1-Author/Waagmi_Soni/aloo_masala_puri.jpg,"Sunflower Oil - for deep frying,1/4 teaspoon Fennel seeds (Saunf),Salt - to taste,1 Potato (Aloo) - boiled and mashed,1/4 teaspoon Ajwain (Carom seeds),1 tablespoon Coriander (Dhania) Leaves - finely chopped,1/4 teaspoon Red Chilli powder,1/4 teaspoon Coriander Powder (Dhania),1 tablespoon Sunflower Oil,1 cup Whole Wheat Flour,1/4 teaspoon Asafoetida (hing),1/4 teaspoon Sesame seeds (Til seeds),1/4 teaspoon Turmeric powder (Haldi)",North Indian Recipes,Aloo Masala Puri Recipe,40
Sandwich,"A food item consisting of two or more slices of bread with one or more fillings between them.[62][63][64] Sandwiches are a widely popular type of lunch food, typically taken to work, school, or picnics to be eaten as part of a packed lunch. They generally contain a combination of salad vegetables, meat, cheese, and a variety of sauces or savoury spreads.",,pcalIhcbQ8wdVb3mtTh6,https://www.archanaskitchen.com/images/archanaskitchen/1-Author/sneha-archanaskitchen.com/Classic_Grilled_Tomato_Cucumber_Sandwich_With_Chutney_Recipe_.jpg,"Salt - to sprinkle,2 Tomatoes - sliced thin into rounds,4 tablespoons Green Chutney (Coriander & Mint),Black pepper powder - to sprinkle,Chaat Masala Powder - to sprinkle,1 Cucumber - peeled and sliced into thin rounds,4 tablespoons Tomato Ketchup,2 tablespoons Butter,8 Whole Wheat Brown Bread",Indian,Classic Grilled Tomato Cucumber Chutney Sandwich Recipe,30
Sarva Pindi,"Prepared from a rice flour, ground nuts, salt, onion garlic paste etc. the mixture is made into atta and then stick this to a tawa in a circle shape and toast until turns into golden color. It is traditionally enjoyed as a dish in Telangana state.[65]",,xyAEsKQLQEg5xwk28aNZ,https://www.archanaskitchen.com/images/archanaskitchen/1-Author/sibyl_sunitha/Andhra_Style_Sarva_PindiGine_Pindi_Recipe_Rice_Flour_and_Chana_Dal_Flatbread_Recipe_.jpg,"1 teaspoon Turmeric powder (Haldi),1 teaspoon Ginger Garlic Paste,Salt - to taste,2 tablespoon Chana dal (Bengal Gram Dal) - soaked for 2 hours,1 teaspoon Red Chilli powder,1 Onion - chopped,1 cup Rice flour,1 tablespoon Sesame seeds (Til seeds),1 Green Chilli - chopped,1 sprig Curry leaves - chopped",Andhra,Andhra Style Sarva Pindi/Gine Pindi Recipe (Rice Flour and Chana Dal Flatbread Recipe),40
Shankarpali,"Shankarpali, which is also known as Sakkarpara, is prepared from a dough of milk, sugar, ghee, maida, semolina and salt, the mixture is made into dough and then cut into diamond shaped pieces which are deep fried in ghee or butter.[66] It is traditionally enjoyed as a treat on the Diwali holiday.",,3bDtsuqEbsr75oqhP08D,https://www.archanaskitchen.com/images/archanaskitchen/0-Archanas-Kitchen-Recipes/2020/Shakkar_para_recipe_1-2_1600.jpg,"1/4 cup Ghee,Sunflower Oil - for deep frying,2-1/2 cup Vivatta Maida - or use whole wheat flour,1 teaspoon Cinnamon Powder (Dalchini),4 tablespoons Sugar - powdered,1 cup Water,1/4 cup Sugar,1/4 teaspoon Salt - to taste",North Indian Recipes,Sugarpare Recipe (Shankarpali),100
Shrikhand,"A sweet dish made of strained yogurt.[67] It is one of the main desserts in Gujarati Cuisine & Maharashtrian cuisine. Preparation of this dish is very simple but it takes some time to process yogurt properly. The strained yogurt, referred to as ""Chakka"", and sugar are mixed thoroughly in a deep bowl. Cardamom, saffron, and any other flavors are then added and mixed. It is then left in the refrigerator for the sugar to dissolve. The dish is served chilled.",,Rsf9cZ7xWp9nzaOuZZGZ,https://www.archanaskitchen.com/images/archanaskitchen/0-Archanas-Kitchen-Recipes/2018/Kesar_Shrikand_recipe_Greek_Yogurt_With_Saffron-1_1600.jpg,"1/4 cup Pistachios - sliced  or almonds will also do,1 cup Caster Sugar,1 teaspoon Cardamom Powder (Elaichi),6 Saffron strands,2 cups Hung Curd (Greek Yogurt) - (use low fat preferably),1 cup Fresh fruits - of your choice",Gujarati Recipes,Kesar Shrikhand Recipe - Greek Yogurt Pudding With Saffron,390
Upma,"Upma' or 'Uppuma' or 'Uppittu' is a common South Indian and Sri Lankan Tamil breakfast dish, cooked as a thick porridge from dry roasted semolina or coarse rice flour. Various seasonings and/or vegetables are often added during the cooking, depending on individual preferences.",,rHf0VEi6RCaZU9rdXXmE,https://www.archanaskitchen.com/images/archanaskitchen/1-Author/Pooja_Thakur/Tomato_Upma_Recipe.jpg,"Salt - as required,1 Green Chilli - finely chopped,2 sprig Coriander (Dhania) Leaves - finely chopped,1 teaspoon Mustard seeds,1 Onion - finely chopped,1 Dry Red Chilli - cut into half,1/4 teaspoon Turmeric powder (Haldi),1/2 Lemon juice,2 Tomatoes - finely chopped,1/4 teaspoon Asafoetida (hing),Hot water - as required,1 cup Sooji (Semolina/ Rava),1/2 teaspoon Red Chilli powder,6 to 7 Curry leaves",South Indian Recipes,Tomato Upma Recipe,40
Vadai,"A savory fritter-type snack from South India,[68] vadai is a traditional South Indian food known from antiquity.[69] The snack's main ingredients typically include lentils, potatoes and onions, and many variations exist.",,TPaPLPjwYOvkYSSUgsKW,https://www.archanaskitchen.com/images/archanaskitchen/1-Author/Uma_Raghuraman/Masala_Vadai_Kuzhambu__Curried_patties_in_a_Spicy_Tamarind_Gravy.jpg,"1 Tomato - finely chopped,3 tablespoons Sesame (Gingelly) Oil,1/2 teaspoon White Urad Dal (Split),2 Onions - finely chopped,1/4 cup Fresh coconut - grated,3 tablespoons Water,1/2 teaspoon Fennel seeds (Saunf),Salt - to taste,4 Green Chillies,1/2 teaspoon Methi Seeds (Fenugreek Seeds),6 Garlic - cloves,2 teaspoons Red Chilli powder,1/2 teaspoon Mustard seeds,15 Shallots,2 teaspoons Coriander Powder (Dhania),1 cup Chana dal (Bengal Gram Dal),1/2 teaspoon Turmeric powder (Haldi),2 sprig Curry leaves,1 inch Ginger,2 teaspoon Poppy seeds - powdered,1-1/2 tablespoon Tamarind Paste,Sunflower Oil - for frying",South Indian Recipes,Masala Vadai Kuzhambu Recipe (Mudaliar Style Curried Fritters In Spicy Tamarind Gravy),95
